Middle East and North Africa,North America,Asia,Sub-Saharan Africa,Europe,Central America and the Caribbean,Australia and Oceania
51056993,7708059,50799399,101650992,106771968,41336778,31878421Middle East and North Africa,North America,Asia,Sub-Saharan Africa,Europe,Central America and the Caribbean,Australia and Oceania
51056993,7708059,50799399,101650992,106771968,41336778,31878421Middle East and North Africa,North America,Asia,Sub-Saharan Africa,Europe,Central America and the Caribbean,Australia and Oceania
51056993,7708059,50799399,101650992,106771968,41336778,31878421Middle East and North Africa,North America,Asia,Sub-Saharan Africa,Europe,Central America and the Caribbean,Australia and Oceania
51056993,7708059,50799399,101650992,106771968,41336778,31878421Middle East and North Africa,North America,Asia,Sub-Saharan Africa,Europe,Central America and the Caribbean,Australia and Oceania
51056993,7708059,50799399,101650992,106771968,41336778,31878421Middle East and North Africa,North America,Asia,Sub-Saharan Africa,Europe,Central America and the Caribbean,Australia and Oceania
51056993,7708059,50799399,101650992,106771968,41336778,31878421Middle East and North Africa,North America,Asia,Sub-Saharan Africa,Europe,Central America and the Caribbean,Australia and Oceania
51056993,7708059,50799399,101650992,106771968,41336778,31878421Middle East and North Africa,North America,Asia,Sub-Saharan Africa,Europe,Central America and the Caribbean,Australia and Oceania
51056993,7708059,50799399,101650992,106771968,41336778,31878421Middle East and North Africa,North America,Asia,Sub-Saharan Africa,Europe,Central America and the Caribbean,Australia and Oceania
51056993,7708059,50799399,101650992,106771968,41336778,31878421Middle East and North Africa,North America,Asia,Sub-Saharan Africa,Europe,Central America and the Caribbean,Australia and Oceania
51056993,7708059,50799399,101650992,106771968,41336778,31878421Middle East and North Africa,North America,Asia,Sub-Saharan Africa,Europe,Central America and the Caribbean,Australia and Oceania
51056993,7708059,50799399,101650992,106771968,41336778,31878421Middle East and North Africa,North America,Asia,Sub-Saharan Africa,Europe,Central America and the Caribbean,Australia and Oceania
51056993,7708059,50799399,101650992,106771968,41336778,31878421Middle East and North Africa,North America,Asia,Sub-Saharan Africa,Europe,Central America and the Caribbean,Australia and Oceania
51056993,7708059,50799399,101650992,106771968,41336778,31878421Middle East and North Africa,North America,Asia,Sub-Saharan Africa,Europe,Central America and the Caribbean,Australia and Oceania
51056993,7708059,50799399,101650992,106771968,41336778,31878421Middle East and North Africa,North America,Asia,Sub-Saharan Africa,Europe,Central America and the Caribbean,Australia and Oceania
51056993,7708059,50799399,101650992,106771968,41336778,31878421Middle East and North Africa,North America,Asia,Sub-Saharan Africa,Europe,Central America and the Caribbean,Australia and Oceania
51056993,7708059,50799399,101650992,106771968,41336778,31878421Middle East and North Africa,North America,Asia,Sub-Saharan Africa,Europe,Central America and the Caribbean,Australia and Oceania
51056993,7708059,50799399,101650992,106771968,41336778,31878421Middle East and North Africa,North America,Asia,Sub-Saharan Africa,Europe,Central America and the Caribbean,Australia and Oceania
51056993,7708059,50799399,101650992,106771968,41336778,31878421Middle East and North Africa,North America,Asia,Sub-Saharan Africa,Europe,Central America and the Caribbean,Australia and Oceania
51056993,7708059,50799399,101650992,106771968,41336778,31878421Middle East and North Africa,North America,Asia,Sub-Saharan Africa,Europe,Central America and the Caribbean,Australia and Oceania
51056993,7708059,50799399,101650992,106771968,41336778,31878421Middle East and North Africa,North America,Asia,Sub-Saharan Africa,Europe,Central America and the Caribbean,Australia and Oceania
51056993,7708059,50799399,101650992,106771968,41336778,31878421Middle East and North Africa,North America,Asia,Sub-Saharan Africa,Europe,Central America and the Caribbean,Australia and Oceania
51056993,7708059,50799399,101650992,106771968,41336778,31878421Middle East and North Africa,North America,Asia,Sub-Saharan Africa,Europe,Central America and the Caribbean,Australia and Oceania
51056993,7708059,50799399,101650992,106771968,41336778,31878421Middle East and North Africa,North America,Asia,Sub-Saharan Africa,Europe,Central America and the Caribbean,Australia and Oceania
51056993,7708059,50799399,101650992,106771968,41336778,31878421Middle East and North Africa,North America,Asia,Sub-Saharan Africa,Europe,Central America and the Caribbean,Australia and Oceania
51056993,7708059,50799399,101650992,106771968,41336778,31878421Middle East and North Africa,North America,Asia,Sub-Saharan Africa,Europe,Central America and the Caribbean,Australia and Oceania
51056993,7708059,50799399,101650992,106771968,41336778,31878421Middle East and North Africa,North America,Asia,Sub-Saharan Africa,Europe,Central America and the Caribbean,Australia and Oceania
51056993,7708059,50799399,101650992,106771968,41336778,31878421Middle East and North Africa,North America,Asia,Sub-Saharan Africa,Europe,Central America and the Caribbean,Australia and Oceania
51056993,7708059,50799399,101650992,106771968,41336778,31878421Middle East and North Africa,North America,Asia,Sub-Saharan Africa,Europe,Central America and the Caribbean,Australia and Oceania
51056993,7708059,50799399,101650992,106771968,41336778,31878421Middle East and North Africa,North America,Asia,Sub-Saharan Africa,Europe,Central America and the Caribbean,Australia and Oceania
51056993,7708059,50799399,101650992,106771968,41336778,31878421Middle East and North Africa,North America,Asia,Sub-Saharan Africa,Europe,Central America and the Caribbean,Australia and Oceania
51056993,7708059,50799399,101650992,106771968,41336778,31878421Middle East and North Africa,North America,Asia,Sub-Saharan Africa,Europe,Central America and the Caribbean,Australia and Oceania
51056993,7708059,50799399,101650992,106771968,41336778,31878421Middle East and North Africa,North America,Asia,Sub-Saharan Africa,Europe,Central America and the Caribbean,Australia and Oceania
51056993,7708059,50799399,101650992,106771968,41336778,31878421Middle East and North Africa,North America,Asia,Sub-Saharan Africa,Europe,Central America and the Caribbean,Australia and Oceania
51056993,7708059,50799399,101650992,106771968,41336778,31878421Middle East and North Africa,North America,Asia,Sub-Saharan Africa,Europe,Central America and the Caribbean,Australia and Oceania
51056993,7708059,50799399,101650992,106771968,41336778,31878421Middle East and North Africa,North America,Asia,Sub-Saharan Africa,Europe,Central America and the Caribbean,Australia and Oceania
51056993,7708059,50799399,101650992,106771968,41336778,31878421Middle East and North Africa,North America,Asia,Sub-Saharan Africa,Europe,Central America and the Caribbean,Australia and Oceania
51056993,7708059,50799399,101650992,106771968,41336778,31878421Middle East and North Africa,North America,Asia,Sub-Saharan Africa,Europe,Central America and the Caribbean,Australia and Oceania
51056993,7708059,50799399,101650992,106771968,41336778,31878421Middle East and North Africa,North America,Asia,Sub-Saharan Africa,Europe,Central America and the Caribbean,Australia and Oceania
51056993,7708059,50799399,101650992,106771968,41336778,31878421Middle East and North Africa,North America,Asia,Sub-Saharan Africa,Europe,Central America and the Caribbean,Australia and Oceania
51056993,7708059,50799399,101650992,106771968,41336778,31878421Middle East and North Africa,North America,Asia,Sub-Saharan Africa,Europe,Central America and the Caribbean,Australia and Oceania
51056993,7708059,50799399,101650992,106771968,41336778,31878421Middle East and North Africa,North America,Asia,Sub-Saharan Africa,Europe,Central America and the Caribbean,Australia and Oceania
51056993,7708059,50799399,101650992,106771968,41336778,31878421Middle East and North Africa,North America,Asia,Sub-Saharan Africa,Europe,Central America and the Caribbean,Australia and Oceania
51056993,7708059,50799399,101650992,106771968,41336778,31878421Middle East and North Africa,North America,Asia,Sub-Saharan Africa,Europe,Central America and the Caribbean,Australia and Oceania
51056993,7708059,50799399,101650992,106771968,41336778,31878421Middle East and North Africa,North America,Asia,Sub-Saharan Africa,Europe,Central America and the Caribbean,Australia and Oceania
51056993,7708059,50799399,101650992,106771968,41336778,31878421Middle East and North Africa,North America,Asia,Sub-Saharan Africa,Europe,Central America and the Caribbean,Australia and Oceania
51056993,7708059,50799399,101650992,106771968,41336778,31878421Middle East and North Africa,North America,Asia,Sub-Saharan Africa,Europe,Central America and the Caribbean,Australia and Oceania
51056993,7708059,50799399,101650992,106771968,41336778,31878421Middle East and North Africa,North America,Asia,Sub-Saharan Africa,Europe,Central America and the Caribbean,Australia and Oceania
51056993,7708059,50799399,101650992,106771968,41336778,31878421Middle East and North Africa,North America,Asia,Sub-Saharan Africa,Europe,Central America and the Caribbean,Australia and Oceania
51056993,7708059,50799399,101650992,106771968,41336778,31878421Middle East and North Africa,North America,Asia,Sub-Saharan Africa,Europe,Central America and the Caribbean,Australia and Oceania
51056993,7708059,50799399,101650992,106771968,41336778,31878421Middle East and North Africa,North America,Asia,Sub-Saharan Africa,Europe,Central America and the Caribbean,Australia and Oceania
51056993,7708059,50799399,101650992,106771968,41336778,31878421Middle East and North Africa,North America,Asia,Sub-Saharan Africa,Europe,Central America and the Caribbean,Australia and Oceania
51056993,7708059,50799399,101650992,106771968,41336778,31878421Middle East and North Africa,North America,Asia,Sub-Saharan Africa,Europe,Central America and the Caribbean,Australia and Oceania
51056993,7708059,50799399,101650992,106771968,41336778,31878421Middle East and North Africa,North America,Asia,Sub-Saharan Africa,Europe,Central America and the Caribbean,Australia and Oceania
51056993,7708059,50799399,101650992,106771968,41336778,31878421Middle East and North Africa,North America,Asia,Sub-Saharan Africa,Europe,Central America and the Caribbean,Australia and Oceania
51056993,7708059,50799399,101650992,106771968,41336778,31878421Middle East and North Africa,North America,Asia,Sub-Saharan Africa,Europe,Central America and the Caribbean,Australia and Oceania
51056993,7708059,50799399,101650992,106771968,41336778,31878421Middle East and North Africa,North America,Asia,Sub-Saharan Africa,Europe,Central America and the Caribbean,Australia and Oceania
51056993,7708059,50799399,101650992,106771968,41336778,31878421Middle East and North Africa,North America,Asia,Sub-Saharan Africa,Europe,Central America and the Caribbean,Australia and Oceania
51056993,7708059,50799399,101650992,106771968,41336778,31878421Middle East and North Africa,North America,Asia,Sub-Saharan Africa,Europe,Central America and the Caribbean,Australia and Oceania
51056993,7708059,50799399,101650992,106771968,41336778,31878421Middle East and North Africa,North America,Asia,Sub-Saharan Africa,Europe,Central America and the Caribbean,Australia and Oceania
51056993,7708059,50799399,101650992,106771968,41336778,31878421Middle East and North Africa,North America,Asia,Sub-Saharan Africa,Europe,Central America and the Caribbean,Australia and Oceania
51056993,7708059,50799399,101650992,106771968,41336778,31878421Middle East and North Africa,North America,Asia,Sub-Saharan Africa,Europe,Central America and the Caribbean,Australia and Oceania
51056993,7708059,50799399,101650992,106771968,41336778,31878421Middle East and North Africa,North America,Asia,Sub-Saharan Africa,Europe,Central America and the Caribbean,Australia and Oceania
51056993,7708059,50799399,101650992,106771968,41336778,31878421Middle East and North Africa,North America,Asia,Sub-Saharan Africa,Europe,Central America and the Caribbean,Australia and Oceania
51056993,7708059,50799399,101650992,106771968,41336778,31878421Middle East and North Africa,North America,Asia,Sub-Saharan Africa,Europe,Central America and the Caribbean,Australia and Oceania
51056993,7708059,50799399,101650992,106771968,41336778,31878421Middle East and North Africa,North America,Asia,Sub-Saharan Africa,Europe,Central America and the Caribbean,Australia and Oceania
51056993,7708059,50799399,101650992,106771968,41336778,31878421Middle East and North Africa,North America,Asia,Sub-Saharan Africa,Europe,Central America and the Caribbean,Australia and Oceania
51056993,7708059,50799399,101650992,106771968,41336778,31878421Middle East and North Africa,North America,Asia,Sub-Saharan Africa,Europe,Central America and the Caribbean,Australia and Oceania
51056993,7708059,50799399,101650992,106771968,41336778,31878421Middle East and North Africa,North America,Asia,Sub-Saharan Africa,Europe,Central America and the Caribbean,Australia and Oceania
51056993,7708059,50799399,101650992,106771968,41336778,31878421Middle East and North Africa,North America,Asia,Sub-Saharan Africa,Europe,Central America and the Caribbean,Australia and Oceania
51056993,7708059,50799399,101650992,106771968,41336778,31878421Middle East and North Africa,North America,Asia,Sub-Saharan Africa,Europe,Central America and the Caribbean,Australia and Oceania
51056993,7708059,50799399,101650992,106771968,41336778,31878421Middle East and North Africa,North America,Asia,Sub-Saharan Africa,Europe,Central America and the Caribbean,Australia and Oceania
51056993,7708059,50799399,101650992,106771968,41336778,31878421Middle East and North Africa,North America,Asia,Sub-Saharan Africa,Europe,Central America and the Caribbean,Australia and Oceania
51056993,7708059,50799399,101650992,106771968,41336778,31878421Middle East and North Africa,North America,Asia,Sub-Saharan Africa,Europe,Central America and the Caribbean,Australia and Oceania
51056993,7708059,50799399,101650992,106771968,41336778,31878421